EMPLOYEE_ID,FIRST_NAME,LAST_NAME,EMAIL,PHONE_NUMBER
198,Something else,OConnell,DOCONNEL,650.507.9833
199,Douglas,Grant,DGRANT,650.507.9844
200,Jennifer,Whalen,JWHALEN,515.123.4444
201,Michael,Hartstein,MHARTSTE,515.123.5555
202,Pat,Fay,PFAY,603.123.6666
203,Susan,Mavris,SMAVRIS,515.123.7777
204,Hermann,Baer,HBAER,515.123.8888
205,Shelley,Higgins,SHIGGINS,515.123.8080
206,William,Gietz,WGIETZ,515.123.8181
100,Steven,King,SKING,515.123.4567
101,Neena,Kochhar,NKOCHHAR,515.123.4568
102,Lex,De Haan,LDEHAAN,515.123.4569
103,Alexander,Hunold,AHUNOLD,590.423.4567
104,Bruce,Ernst,BERNST,590.423.4568
105,David,Austin,DAUSTIN,590.423.4569
106,Valli,Pataballa,VPATABAL,590.423.4560
107,Diana,Lorentz,DLORENTZ,590.423.5567
108,Nancy,Greenberg,NGREENBE,515.124.4569
109,Daniel,Faviet,DFAVIET,515.124.4169
110,John,Chen,JCHEN,515.124.4269
111,Ismael,Sciarra,ISCIARRA,515.124.4369
112,Jose Manuel,Urman,JMURMAN,515.124.4469
113,Luis,Popp,LPOPP,515.124.4567
114,Den,Raphaely,DRAPHEAL,515.127.4561
115,Alexander,Khoo,AKHOO,515.127.4562
116,Shelli,Baida,SBAIDA,515.127.4563
117,Sigal,Tobias,STOBIAS,515.127.4564
118,Guy,Himuro,GHIMURO,515.127.4565
119,Karen,Colmenares,KCOLMENA,515.127.4566
120,Matthew,Weiss,MWEISS,650.123.1234
121,Adam,Fripp,AFRIPP,650.123.2234
122,Payam,Kaufling,PKAUFLIN,650.123.3234
123,Shanta,Vollman,SVOLLMAN,650.123.4234
124,Kevin,Mourgos,KMOURGOS,650.123.5234
125,Julia,Nayer,JNAYER,650.124.1214
126,Irene,Mikkilineni,IMIKKILI,650.124.1224
127,James,Landry,JLANDRY,650.124.1334
128,Steven,Markle,SMARKLE,650.124.1434
129,Laura,Bissot,LBISSOT,650.124.5234
130,Mozhe,Atkinson,MATKINSO,650.124.6234
131,James,Marlow,JAMRLOW,650.124.7234
132,TJ,Olson,TJOLSON,650.124.8234
133,Jason,Mallin,JMALLIN,650.127.1934
134,Michael,Rogers,MROGERS,650.127.1834
135,Ki,Gee,KGEE,650.127.1734
136,Hazel,Philtanker,HPHILTAN,650.127.1634
137,Renske,Ladwig,RLADWIG,650.121.1234
138,Stephen,Stiles,SSTILES,650.121.2034
139,John,Seo,JSEO,650.121.2019
140,Joshua,Patel,JPATEL,650.121.1834
